id;tidak_baku;baku
1;k6;koridor 6
2;waaahhh;wah
3;ny;nya
4;wuiii;wui
5;kereen;keren
6;kor;koridor
7;ps raya;pasar raya
8;kereeeennnnn;keren
9;untuak;untuk
10;bilo;kapan
11;kk;kakak
12;kka;kakak
13;nnya;tanya
14;haloooo;halo
15;n;dan
16;dduknya;duduknya
17;nerdiri;berdiri
18;t4;tempat
19;k5;koridor 5
20;smoga;semoga
21;biar;agar
22;berpa;berapa
23;mantepp;mantap
24;wihhh;wih
25;trtata;tertata
26;bda;beda
27;gimna;bagaimana
28;maauk;masuk
29;mantappp;mantap
30;gaa;tidak
31;ado;ada
33;banun;namun
34;kalai;kalau
35;ndg;tidak
36;full;penuh
37;baabuiih;kepanasan
39;ttp;tetap
40;gabisa;tidak bisa
41;nice;bagus
42;simp;simpang
43;kasa;kasar
44;jan;jangan
45;handak nyo;sebaiknya
46;cpet;cepat
47;next time;lain waktu
48;k1;koridor 1
49;gmna;bagaimana
50;bayat;bayar
51;disna;disana
52;k4;koridor 4
53;nggu;nunggu
54;driver;sopir
55;nyo;nya
56;acok bana;sering sekali
57;kabaanyo;kabarnya
58;gag;tidak
59;error;eror
60;prnh;pernah
61;smpi;sampai
62;akhrnya;akhirnya
63;ank;anak
64;indg;tidak
65;jo;dengan
66;supir;sopir
67;oto;mobil
68;tarimo;terima
70;d agiah;dikasih
71;kaluaan;keluarkan
72;apolai;apalagi
73;ka;mau
74;rayoo;raya
75;maniayo;menganiaya
76;lai;lagi
77;namonyo;namanya
78;mode iko;seperti ini
79;tntg;tentang
80;ttup;tutup
81;sttsnya;statusna
82;trsbt;tersebut
83;fake;palsu
84;dmn;dimana
85;kek nya;sepertinya
86;puskot;pusat kota
87;launching;peresmian
88;launchi;peresmian
89;kwatir;khawatir
90;berhentu;berhenti
91;upgrade;perbaharui
92;apakh;apakah
93;y;ya
94;jadih juo;oke juga
95;soalno;soalnya
96;masyarakaik;masyarakat
97;cukuik;cukup
98;operasionalno;operasionalnya
99;sakurang;setidaknya
100;buliah;boleh
101;keesel;kesal
102;separo;setengah
103;ps;pasar
104;trmks;terimakasih
105;sampe;sampai
106;lg;lagi
108;sy;saya
109;usdh;sudah
110;stand by;siap siaga
112;doang;saja
113;nantik;nanti
114;ngak;tidak
115;good job;kerja bagus
116;dtangnya;datangnya
117;stiap;setiap
118;lwat;lewat
119;dtg;datang
120;tepe;trans padang
121;jalang;jarang
122;mantaap;mantap
123;kenak;kena
124;bsk;besok
125;baok;bawa
126;keateh;ke atas
127;urg;orang
128;awak;kita
129;mdh2an;mudah mudahan
131;urang;orang
132;nan;yang
133;indak;tidak
134;caliak;lihat
135;iko;ini
136;duduak;duduk
137;gaek;tua
138;tapaso;terpaksa
139;tagak;berdiri
140;dihale;dihalte
141;diparancak;diperbaiki
142;hakte;halte
143;jadinyo;jadinya
144;markir;parkir
145;binggung;bingung
146;bukak;buka
147;msh;masih
148;jauah;jauh
149;manunggu;menunggu
150;kok adoh;kalau ada
151;cubo;coba
152;beko;nanti
154;naiak;naik
155;buek liak;buat lagi
157;pasa;pasar
158;juo;juga
159;apo;apa
160;launcing;peresmian
161;kecek nyo;katanya
162;sosmed;media sosial
163;tagarok;tertipu
164;pulo;pula
165;manantian;menantikan
166;tgl;tanggal
167;beropersinya;beroperasinya
168;detect;deteksi
169;list;daftar
170;mo;mau
171;diitung;dihitung
172;2x;dua kali
173;1x;sekali
174;ap;apa
175;sorry;maaf
176;mauuu;mau
177;bayia;bayar
178;labiah;lebih
179;bangeeett;banget
180;alah;sudah
181;batahan;ditahan
182;sblomnya;sebelumnya
183;aktifny;aktifnya
184;terimksih;terimakasih
185;menbanttu;membantu
186;sngt;sangat
187;bru;baru
188;music;musik
189;regis;registrasi
191;ewallet;e wallet
192;haktenya;haltenya
193;tp;trans padang
194;bsa;bisa
195;or;atau
196;kyak;kayak
197;berenti;berhenti
198;transpadang;trans padang
199;transpadangnya;trans padang
200;palang;plang
201;stop;berhenti
202;smpai;sampai
203;blngnyaa;bilangnya
204;lah kalua;sudah keluar
205;jln;jalan
206;hny;hanya
207;mkn;makan
208;hr;hari
209;kabanyo;kabarnya
210;apolagi;apalagi
211;karayo;mau raya
212;cape²;cape
213;really;sungguh
214;trntang;tentang
215;ngangkut;angkut
216;orng;orang
217;maanta;mengantar
218;pai;pergi
219;bisuk;besok
220;panuah;penuh
221;mamanuahan;memenuhi
222;acok bna;sering sekali
223;taniayo;teraniaya
224;lb buayo;lubuk buaya
225;taulang;terulang
226;baliak;kembali
227;narik;beroperasi
228;lewatin;lewatkan
230;untu;untuk
231;dijln;di jalan
232;worth it;sepadan
233;beraktifitas;beraktivitas
234;dll;dan lain lain
236;bisaa;bisa
237;yookk;yuk
238;qriss;qris
239;problem;masalah
240;sdgkan;sedangkan
241;oake;pakai
242;langsuang;langsung
243;yanmpein;menyampaikan
244;lancarain;lancarkan
245;pake;pakai
246;skarang;sekarang
247;nggk;tidak
248;e money;emoney
249;adaaa;ada
250;sopipay;shopeepay
251;free;gratis
252;info;informasi
254;lebuh;lebih
255;space;ruang
256;gajelas;tidak jelas
257;transp;trans padang
258;whatsap;whatsapp
259;wa;whatsapp
260;tnya;tanya
261;pkir;pikir
263;dlu;dahulu
264;dibikin;dibuat
265;aja;saja
266;yeyy;yey
267;mksdnya;maksudnya
268;bs;bisa
269;mantaffff;mantap
270;hmpir;hampir
271;aktifitas;aktivitas
272;poli;politeknik
273;bsuk;besok
274;kantua;kantor
275;pdg;padang
276;nyamann;nyaman
277;ndk;tidak
278;guno;guna
279;wak;saya
280;ibo;iba
281;nio;mau
282;diantan;diantarkan
283;mntp;mantap
284;paralu;perlu
285;kereeennnn;keren
286;semlm;semalam
287;apl;aplikasi
288;kesh;uang tunai
289;kironyo;kiranya
290;shopepay;shopeepay
291;baa;bagaimana
292;dima;dimana
293;maurus;mengurus
294;soalya;soalnya
295;ad;ada
296;stlh;setelah
297;klu;kalau
298;perawan;perawatan
299;sabalun;sebelum
300;alun;belum
301;debet;debit
302;krtu;kartu
304;nunggunya;menunggunya
305;emoney;emoney
306;digital payment;pembayaran digital
307;handak nya;sebaiknya
308;segeh;mantap
309;the next;orang selanjutnya
310;scara;secara
311;emamg;memang
312;akuuuu;aku
313;request;minta
314;bamun;namun
315;supirnya;sopirnya
317;bypas;bypass
318;moga;semoga
319;ko;ini
320;kebih;lebih
321;d;di
323;waah;wah
324;e wallet;ewallet
325;onlinee;online
326;siyap;siap
327;lubay;lubuk buaya
328;koredo;koridor
329;acok;sering
330;bangett;sangat
331;top up;isi ulang
332;beberpa;beberapa
333;kor4;koridor 4
334;pembaruan;pembaharuan
335;koridor iv;koridor 4
336;satangah;setengah
337;lupo;lupa
338;bisuak;besok
339;ntuak;untuk
340;uneg;unek
341;bwyar;bayar
342;ngadat;macet
343;buek;buat
344;geratisssss;gratis
345;ditgh;ditengah
346;blkangan;belakangan
347;trliht;terlihat
348;brjarak;berjarak
349;kndraan;kendaraan
350;asok;asap
351;mangalabuik;mengepul
352;myan;lumayan
353;gaduik;gadut
354;transpirtasi;transportasi
355;kulot;kolot
356;koridor v;koridor 5
357;wakatu;waktu
358;ciek jo duo;satu dan dua
360;bko;nanti
361;betull;betul
362;manrpkan;menerapkan
363;tingga;tinggal
364;haltenyo;haltenya
365;pae;pergi
366;pdnhal;padahal
367;untum;untuk
368;nan komen;yang komentar
369;sangking;saking
370;cameeh;cemooh
371;tatingga;tertinggal
372;kampuang;kampung
373;lah;sudah
374;alh;sudah
375;pakak;bodoh
376;suai;sesuai
377;banyianyo bayarnya;
378;bara;berapa
379;handeh;hadeh
380;mangaji;menggaji
381;tantu;tentu
382;pitih;uang
383;saibu;seribu
384;mambaco;membaca
385;co a;coba
386;managemen;manajemen
388;gulo;permen
390;santiang;pintar
392;disiko;disini
393;satiok;setiap
394;kepeang;uang
396;mintak;minta
397;jadh;oke
398;dak;tidak
399;pabanyak se;perbanyak saja
400;raso;rasa
401;masak;masa
402;bohoooooong;bohong
403;tapiiiiiii;tapi
405;manyabuik;menyebut
406;kama;kemana
407;manyerengeh;menyeringai
409;bikin;buat
410;teros;terus
411;trims;terimakasih
412;pakd;pakai
413;good;bagus
414;yeayyy;yey
415;uhuyyy;uhuy
416;stundets;pelajar
417;akhirnyaaaaa;akhirnya
418;pricenya;harganya
419;bagak;berani
420;samo;sama
421;batinju;bertinju
422;karano;karena
423;indag;tidak
424;masuak;masuk
425;manga;kenapa
426;bapakai;dipakai
427;muluik;mulut
428;ang;kamu
429;kolor lambok sarawa lapang;celana dalam basah celana kedodoran
430;den;saya
431;ketek;kecil
432;bntuak;bentuk
433;ikua;ekor
434;sanak;saudara
435;transport;transportasi
436;i;saya
437;see;lihat
438;top upnya;isi ulangnya
439;ba a;bagaimana
441;padiah;pedih
442;nyangkuik;tersangkut
443;maaciwww;terima kasih
444;mananyo;bertanya
445;akak;kakak
446;pemko;pemerintah kota
448;ngkk;tidak
449;pabnyak;perbanyak
450;trlaksana;terlaksana
451;mmbantu;membantu
452;makonyo;makanya
453;sndri;sendiri
454;sakik;sakit
455;niek;niat
456;sabana;sebenarnya
457;bateh;batas
458;ba operasi;beroperasi
459;apak;bapak
460;maso;masa
461;lauik;laut
462;tanyo;tanya
463;abih;habis
464;sahari;sehari
465;lowdeck;low deck
466;sabanta;sebentar
467;saba;sabar
469;ancak;bagus
470;sayangnyo;sayangnya
471;ongkosnyo;ongkosnya
472;dakek;dekat
474;sabananyo;sebenarnya
475;keterapasaan;keterpaksaan
476;namo no;namanya
477;barubah;berubah
478;gg;tidak
479;koredor;koridor
480;gk;tidak
481;gasabar;tidak sabar
482;anjerrerr;anjir
483;ga;tidak
484;finally;akhirnya
485;yg;yang
486;managrment;manajemen
487;ndak;tidak
488;ksna;kesana
490;da;ada
492;lgi;lagi
493;jd;jadi
494;handak;hendak
495;woiii;woi
496;next;selanjutnya
497;lecturer;dosen
498;uri;kita
499;fav;favorit
500;tmn;teman
501;kann;kan
502;bang;abang
503;kayak;kaya
504;nggak;tidak
505;dah;sudah
506;rame;ramai
507;semua;semua
508;lbih;lebih
509;stuju;setuju
510;skrang;sekarang
511;huhuhu;huhu
512;iyaaa;iya
513;kpan;kapan
514;kirain;kira
515;hahaha;haha
516;time;waktu
517;wkwkw;wkwk
518;nyampe;sampai
519;temanbus;teman bus
520;gak;tidak
521;agak;sedikit
522;gmana;bagaimana
523;8an;8
524;sama2;sama sama
525;mbangking;mbanking
526;brizi;brizzi
527;bener;benar
528;tapi;tetapi
529;kabungny;kabungnya
530;udh;sudah
531;trllu;terlalu
532;karn;karena
533;dgn;dengan
534;ngk;tidak
535;infokan;informasi
536;engak;tidak
537;karna;karena
538;bnyak;banyak
539;nungguin;menunggu
540;berlarut2;berlarut
541;diblakang;dibelakang
543;alsannya;alasannya
544;bustrans;bus trans
545;makai;pakai
546;ngeri;takut
547;skrg;sekarang
548;stgh;setengah
549;tak;tidak
550;pak;bapak
551;kecarian;mencari
552;maknya;ibunya
553;jg;juga
554;plg;pulang
555;tdk;tidak
556;kak;kakak
557;bini;istri
559;doo;do
560;jgn;jangan
561;janji2;janji
562;bapak2;bapak
563;ohh;oh
564;pantasan;pantas
565;janjika;janjikan
566;capek2;letih
567;sma2;sama
568;dzolim;zalim
569;biarin;biarkan
570;udah;sudah
571;resign;berhenti
572;kelangsunganan;kelangsungan
573;lagiii;lagi
574;benar2;benar
575;tancapp;tancap
576;sekedar;sekadar
577;terimakasih;terima kasih
578;trimakasih;terima kasih
579;dmana;dimana
580;mksi;terima kasih
581;gimana;bagaimana
583;mhon;mohon
584;krn;karena
585;kmarin;kemarin
586;pengen;ingin
587;nyoba;coba
588;aeah;arah
589;kek;kayak
590;bye;by
591;nny;tanya
592;mkasi;terima kasih
593;hsil;hasil
594;pmsngan;pemasangan
595;mnjual;menjual
596;produk2;produk
597;berkbar;berkabar
598;tmbhn;tambahan
599;jrak;jarak
600;launhcing;diluncurkan
601;lepas;setelah
602;rambu2;rambu
603;titik2;titik
604;abak;anak
605;kl;kalau
606;sebsiknya;sebaiknya
607;user;pengguna
608;xprience;pengalaman
609;daei;dari
610;mjd;menjadi
611;lap;lapangan
612;lintasannyo;rutenya
613;bun;bus trans
615;anak2;anak
616;sgera;segera
617;penbayaran;pembayaran digital
618;operansionalno;operasionalnya
619;jadih;jadi
620;sakurang²no;minimal
621;sajo;saja
622;mamudahkan;memudahkan
623;panumang;penumpang
624;aamiin;amin
625;apaa;apa
626;adikk;adik
627;kalo;kalau
628;maku;maju
630;sm;sama
631;min;admin
632;mimin;admin
633;kaa;kakak
634;tmbah;tambah
635;g;tidak
636;tggu;tunggu
637;ato;atau
638;dsebut;disebut
639;skrng;sekarang
640;blm;belum
641;double;dua kali
642;pembayarannnya;pembayarannya
643;k1maupun;k1 maupun
644;tambahin;tambahkan
645;pas;saat
646;sebel;sebal
647;upload;posting
648;perencanaanny;perencanaannya
649;masjid;mesjid
650;deket;dekat
651;job;kerja
652;dtgnya;datangnya
653;ibu2;ibu
654;m9hon;mohon
655;segarakan;segerakan
656;mulu;melulu
657;emang;memang
658;klou;kalauu
659;damin;admin
660;ciek;satu
661;diagih;diberi
662;tau;tahu
663;harusnyo;harusnya
664;tampek;tempat
665;gaek2;tua
666;urg2;orang
667;lubeg;lubuk begalung
668;naikin;naik
669;kate;kata
670;adoh;ada
671;lamo;lama
672;jarah;jarak
674;makasii;terima kasih
675;tang;yang
676;sikon;situasi dan kondisi
677;maleh;malas
678;honda;motor
679;ajg;anjing
680;liak;lagi
681;td;tadi
682;ma;mana
683;stangah;setengah
684;lancing;diluncurkan
685;patang;kemarin
687;startnya;mulainya
688;brizz;brizzi
689;ditunggggu;ditunggu
690;miminn;admin
691;rbocoran;bocoran
692;perberhentiannyo;pemberhentiannya
693;tenkyuu;terima kasih
694;kananpenurunan;kanan penurunan
695;tepedekat;trans padang dekat
696;martjalan;mart jalan
697;brp;berapa
698;spill;bocoran
699;bbrp;beberapa
700;udahh;sudah
701;hooh;oke
702;tenan;sangat
703;dibenerin;diperbaiki
704;transnyo;transnya
705;sekaleeeee;sekali
706;wkt;waktu
707;sngt2;sangat
708;tsb;tersebut
709;lum;belum
710;bilangin;bilang
711;dh;sudah
712;org;orang
713;nihterkait;nih terkait
714;papan;plang
715;yaa;ya
716;pulng;pulang
717;smpe;sampai
718;yaaaa;ya
719;jkt;jakarta
720;rasany;rasanya
721;minn;admin
722;rang;orang
723;kedepanya;kedepannya
724;iyo;iya
726;bna;banget
727;lb;lubuk
728;ac;penyejuk udara
729;gituh;begitu
730;exclusive;eksklusif
732;iv;4
733;hahahahaha;haha
734;worth;berharga
735;seroo;seru
736;wokwok;wkwk
737;mesih;mesin
738;errror;eror
739;ntar;nanti
740;scan;pindai
741;ngelaporin2;melaporkan
742;konter;balas
744;trun;turun
745;trangsaksi;transaksi
746;laaahh;lah
747;asih;masih
748;jarus;harusnya
749;20k;20000
750;adm;administrasi
751;2rb;2 ribu
752;siaapa;siapa
753;penumppang;penumpang
754;some;sampai
755;ngoceh;mengoceh
756;komen;komentar
757;dsni;disini
759;hahahaha;haha
760;uneg2;uneg uneg
761;menyampaiakn;menyampaikan
762;tks;terima kasih
763;minjem;pinjam
764;gitu;begitu
765;jga;juga
766;kagak;tidak
767;ajaa;saja
768;aka;saja
769;naiki;naik
770;datengnya;datangnya
771;nentu;menentu
772;dateng;datangnya
773;dibales;dibalas
774;proud;bangga
775;kya;kayak
776;you;kamu
777;team;tim
778;emg;memang
779;msdnya;maksudnya
780;sero;seru
781;wkwkkw;wkwk
782;wkwkwk;wkwk
783;donggg;dong
784;mantafff;mantap
785;hmpirt;hampir
786;bsuak;besok
787;karajo;kerja
788;payah;susah
789;unand;universitas andalas
791;angkot;angkutan kota
792;perasi;gratis
793;mon;admin
794;niiih;nih
795;naek;naik
796;eonni;kakak
797;mode;seperti
798;puskota;pusat kota
799;pasabaru;pasar baru
800;lgsg;langsung
801;buss;bus
802;pke;pakai
803;ulkar;ulak karang
804;yahh;yah
805;utk;untuk
806;klonaik;kalau naik
807;brizindk;brizzi
808;aka;akal
809;waaahh;wah
810;pasara;pasar
811;kmrn;kemarin
812;dalan;dalam
815;yuhuu;yuhu
816;nihhh;nih
818;spay;shopeepay
820;top;isi
821;up;ulang
822;topup;isi ulang
823;iyaa;iya
824;wkeke;wkwk
825;bndara;bandara
826;gt;gitu
827;pdhl;padahal
828;hrusnya;harusnya
829;diskuisi;diskusi
830;sntai;santai
831;aktf;aktif
832;ngelolan;pengelola
833;bahaahahaha;haha
834;gatakut;tidak takut
835;hahhaa;haha
836;bgsd;bangsat
837;provider;pemberi layanan
838;pasarraya;pasar raya
839;jugak;juga
840;jadiny;jadinya
841;widihh;widih
842;smpg;simpang
843;tag;tandai
844;padangselanjutnya;padang selanjutnya
845;mensurvey;menyurvei
846;dijkt;di jakarta
847;spertinya;seperti
848;support;mendukung
849;lansung;langsung
850;randah;rendah
851;mbaa;mbak
852;tapii;tapi
853;shoppe;shopee
854;ulth;ulang tahun
855;perai;gratis
856;prj;pekan raya jakarta
858;vi;6
859;prjlanan;perjalanan
860;terliht;terlihat
861;sgt;sangat
862;nth;entah
863;ntah;entah
864;trselesaikan;terselesaikan
865;blum;belum
866;gass;gas
867;healing;penyembuhan
868;awokawok;wkwk
870;nyeh;nya
871;baitu;begitu
872;tapotong;terpotong
873;cash;uang tunai
874;gaaaas;gas
875;peray;gratis
876;tangguang;tanggung
877;dl;dahulu
878;supayo;supaya
879;ilang;hilang
880;rasaki;rezeki
881;sekrut;rekrut
882;makin;semakin
883;teruss;terus
884;dg;dengan
885;kesalahn;kesalahan
886;sya;saya
887;caption;keterangan
888;wali;walikota
889;bana;banget
890;ibuk;ibu
891;anck;lebih bagus
892;betchul;betul
893;sekaliii;sekali
894;rs;rumah sakit
895;talambek;terlambat
896;bialah;biarlah
897;sagat;sangat
898;dijam;di jam
899;mantul;mantap betul
900;ditraining;dilatih
901;kenayaman;kenyamanan
902;lubuak;lubuk
903;pauah;pauh
904;babeda;berbeda
905;mbah;mbak
906;tnpa;tanpa
907;wowwww;wow
908;tanyaa;tanya
909;makasih;terima kasih
910;travelingnya;berpergiannya
911;ngalah;mengalah
912;agatr;agar
913;insya;insyaallah
914;ngab;abang
915;ditnya;ditanya
916;jdi;jadi
917;simpg;simpang
918;untk;untuk
921;poltek;politeknik
922;ii;2
923;pp;pulang pergi
924;raun;jalan jalan
925;ngebul;mengepul
926;hehehe;haha
927;update;memperbarui
928;gratisin;gratiskan
930;mambuek;membuat
931;namuah;mau
932;diaja;dikasih tahu
933;ikolah;inilah
934;batua;betul
935;emng;memang
936;mato;mata
937;komen²;komentar
938;sinan;sana
939;manyarengeh;menyeringai
940;piti;uang
941;saja;saja
942;julid;dengki
943;mangareh;keras kepala
944;gini;begini
945;wkwkwkwk;wkwk
946;namo;nama
947;bayian;bayarkan
948;gratisan;gratiskan
949;mambayian;membayarkan
950;bayianyo;bayarnya
951;sagitu;segitu
952;labiahnyo;lebihnya
953;bayarin;membayarkan
954;saribu;seribu
955;sangko;kira
956;cadiak;cerdik
957;stek;sedikit
958;surang;sendiri
960;carengeh;menyeringai
961;lahia;lahir
962;agus;agustus
963;kayakayk;kayak
964;transjkarta;trans jakarta
965;suko;suka
966;meralisasiakan;merealisasikan
967;bukkiting;bukittinggi
968;kntr;kantor
969;termsk;termasuk
970;gretong;gratis
971;lagee;lagi
972;bemer;benar
974;ee;nya
975;gulo2;permen
976;sakampuang;sekampung
977;pado;pada
978;emany;emoney
979;malawak;melucu
980;oklah;oke
981;wkwkkwk;wkwk
982;bacarilah;dicarilah
983;kepeng;uang
984;kaleee;kali
985;karateh;kertas
986;onkos;ongkos
988;ambo;saya
989;indk;tidak
990;dmsli;domisili
992;ala;sudah
993;kiroe;kiranya
995;pabanyak;perbanyak
996;wkwkkkwk;wkwk
997;bestayy;teman
998;kren;keren
999;suruah;suruh
1000;kaja;kejar
1001;mangecek;bicara
1002;inpo;informasi
1004;tl;teluk
1005;lbh;lebih
1006;suroboyo;surabaya
1008;hut;hari ulang tahun
1009;nayiak;naik
1010;nichh;nih
1011;adoohhh;aduh
1012;nihh;nih
1013;sabuik;sebut
1014;seindo;se indonesia
1015;kecauhan;kejauhan
1016;bim;bandar udara internasional minangkabau
1017;kmbli;kembali
1018;apakabar;apa kabar
1019;green;hijau
1020;kaffan;kapan
1022;inieh;inilah
1023;ak;aku
1024;malaz;malas
1025;angkhot;angkutan kota
1027;hadehhh;hadeh
1028;edit;perbaiki
1029;iyokan;iya
1030;kau;kamu
1031;usah;perlu
1032;kw;kamu
1033;bodat;monyet
1034;dri;dari
1035;gw;saya
1036;takutin;takutkan
1037;tutor;tutorial
1038;yahhh;yah
1039;jatii;jati
1040;apk;aplikasi
1041;post;unggah
1042;top;bagus
1043;beraatt;berat
1044;dekku;adek ku
1047;yeeey;yey
1048;cashh;uang tunai
1049;gasi;tidak sih
1050;nii;ini
1051;pnting;penting
1052;drpda;daripada
1053;operasionalny;operasionalnya
1054;yeayy;yey
1055;gituu;gitu
1056;byarannya;bayarannya
1057;dngna;dengan
1058;mksih;terima kasih
1059;ancang;persiapan
1060;soalnyaa;soalnya
1061;mahsiswa;mahasiswa
1062;students;pelajar
1063;baokan;bawakan
1064;operasinya;operasionalnya
1065;kemngkinan;kemungkinan
1066;muko;depan
1067;usu;universitas sumatera utara
1068;kesihan;kasihan
1069;mencapi;mencapai
1070;jadii;jadi
1071;perusahan;perusahaan
1072;setauu;setahu
1073;collab;kolaborasi
1074;gtuuuu;gitu
1076;forgot;lupa
1077;where;dimana
1078;nicee;bagus
1079;ngekost;mengindekoskan
1080;kos;indekos
1081;pantesann;pantas
1082;pantesan;pantas
1083;mnta;minta
1084;kpda;kepada
1085;sktrnya;sekitarnya
1086;cwe;perempuan
1087;nm;nama
1088;tlong;tolong
1089;tinggalin;tinggalkan
1090;aj;saja
1091;orgnya;orangnya
1092;klw;kalau
1093;mnuju;menuju
1094;mmpun;kemana pun
1095;dibls;dibalas
1096;dm;pesan langsung
1097;jlas;jelas
1098;heheh;haha
1099;bayiekan;bayarkan
1100;apakko;bapak ini
1101;disnaker;dinas tenaga kerja
1102;parahhhh;parah
1103;onde;ondeh
1105;ondeeeh;ondeh
1106;lagibada;lagi ada
1107;sbulan;sebulan
1108;jlur;jalur
1109;bkin;buat
1110;napa;kenapa
1111;aktiv;aktif
1113;pewe;posisi enak
1114;busui;ibu menyusui
1115;moms;ivu
1116;puol;banget
1117;adamya;adanya
1118;sja;saja
1119;pk;pakai
1120;danjalan;dan jalan
1121;besangkutan;bersangkutan
1122;polapikir;pola pikir
1123;kolor;celana dalam
1124;lambok;basah
1125;sarawa;celana
1126;gasss;gas
1128;eboh;heboh
1129;angku;kamu
1130;ikuang;ekormu
1131;cfd;hari tanpa kendaraan bermobil
1132;public;publik
1133;hahah;haha
1134;adek;adik
1135;kiro2;kira
1136;kadiv;ketua divisi
1137;ngaret;terlambat
1138;seriusnanya;serius bertanya
1139;nyangkuik2;tersangkut
1141;slah;salah
1142;pdo;pada
1144;btnyo;bertanya
1145;kyk;kayak
1146;ambi;saya
1147;aado;ada
1148;progul;program unggulan
1149;sanang;senang
1152;adonyo;adanya
1153;cool;keren
1154;mamak;ibu
1155;sanangkang;senangkan
1156;kominfo;komunikasi dan informasi
1159;termaksih;terima kasih
1160;nyaa;nya
1161;minnn;admin
1162;apopun;apapun
1163;tauu;tahu
1164;jugaa;juga
1165;bynyak;banyak
1166;brta;berita
1167;nyaaa;nya
1168;berfikir;berpikir
1169;sajaa;saja
1170;kamii;kami
1171;kominfooo;komunikasi dan informasi
1172;yoo;ya
1173;termksh;terima kasih
1174;infonyo;informasinya
1175;mmbntu;membantu
1176;ongkod;ongkos
1177;hoax;tidak benar
1178;dr;dari
1179;pcyo;percaya
1180;mnyiarkan;menyiarkan
1181;hahahhaa;haha
1182;ngeleeees;cari alasan
1183;hahahahha;haha
1184;bok;bawa
1185;lun;belum
1186;sado;semua
1187;mangko;maka
1188;dipasoan;dipaksakan
1189;baraja;belajar
1190;caro;cara
1191;pengelolaannyo;pengelolaannya
1192;malala;jalan jalan
1193;tiok;tiap
1194;ultah;ulang tahun
1196;2hri;2 hari
1197;ntuk;untuk
1198;msuk;masuk
1199;maslhnyo;masalahnya
1200;woow;wow
1202;aowkwkw;wkwk
1203;ndee;ondeh
1204;agiah;beri
1206;mpe;sampai
1209;hayalan;khayalan
1210;unjung;ujung
1211;endingnya;akhirnya
1212;lh;sudah
1213;ngapo;kenapa
1215;diagiah;diberi
1216;jantuang;jantung
1217;sampilik;pelit
1218;namoe;namanya
1219;ketibannya;ketibaannya
1220;dsbnya;dan sebagainya
1221;jpo;jembatan penyeberangan orang
1222;thn;tahun
1223;pikian;pikirkan
1224;jatua;jatuh
1225;balubang2;berlubang
1226;saketek;sedikit
1227;banyaknyo;banyaknya
1228;llos;lolos
1229;jogging;joging
1230;dimna;dimana
1231;halteny;haltenya
1232;mantaaapppppp;mantap
1233;asek;asik
1234;bosqu;bos ku
1235;ibuk2;ibu
1236;bagusslahhh;baguslah
1237;rancak;bagus
1238;tamanuang;termenung
1239;sajak;sejak
1240;pakkkk;bapak
1241;beginis;begini
1242;melangggar;melanggar
1243;wak;kita
1244;serobot;menyerobot
1245;aass;pass
1247;kerterapasaan;keterpaksaan
1248;matian;matikan
1249;broo;abang
1250;cuboann;cobakan
1251;bangg;abang
1252;jugaaa;juga
1253;smg;semoga
1254;masi;masih
1255;uneng2;unek
1256;dlm;dalam
1257;bgt;banget
1258;klo;kalau
1259;jaleh;jelas
1260;gapernah;tidak pernah
1261;pikia;pikir
1262;jk;jika
1263;cm;cuma
1264;jwb;jawab
1265;aseek;asik
1266;infonya;informasinya
1267;byk;banyak
1269;fingin;dingin
1270;kapa;kapan
1271;ditggu;ditunggu
1272;donk;dong
1274;adain;adakan
1275;interviw;wawancara
1276;lowker;lowongan kerja
1277;iajazah;ijazah
1278;loker;lowongan kerja
1279;tanggapin;tanggapi
1280;ijin;izin
1281;gangguin;mengganggu
1282;via;melalui
1284;imporve;ditingkatkan
1285;hallo;halo
1286;trouble;bermasalah
1287;running;berjalan
1288;text;teks
1289;dsiko;disini
1290;sdng;sedang
1291;akuu;aku
1292;medio;media
1293;grand;utama
1294;loncing;rilis
1295;biasonyo;biasanya
1296;maa;mana
1297;tabali;terbeli
1298;buk;ibu
1299;talat;telat
1300;bayarnyo;bayarnya
1301;kito;kita
1302;rsi;rumah sakit islam
1303;jl;jalan
1304;klau;kalau
1305;pembayarah;pembayaran
1306;barapa;berapa
1307;ramein;ramai
1308;kalou;kalau
1309;kdang;kadang
1310;brdoa;berdoa
1311;krna;karena
1312;trnyata;ternyata
1313;manta;mantan
1314;dirut;direktur utama
1315;britanya;beritanya
1316;transpdg;trans padang
1317;goodluck;semoga beruntung
1318;dunsanak;saudara
1319;kasadonyo;semuanya
1320;bunguih;bungus
1321;alum;belum
1322;jadul;zaman dulu
1323;bileh;boleh
1324;simpamg;simpang
1325;hlte;halte
1326;bunguihh;bungus
1327;polsek;kepolisian sektor
1328;tajun;terjun
1329;kenyaman;kenyamanan
1330;terbaikk;terbaik
1331;progulnya;program unggulannya
1332;bainciak;berdempetakn
1333;kdg;kadang
1334;wlwpun;walaupun
1335;isiny;isinya
1336;padek;padat
1337;sasak;sesak
1338;sampiak;sempit
1339;susahny;susahnya
1340;mokasi;terima kasih
1341;cepet;cepat
1342;minfo;admin
1344;waahh;wah
1345;karu;kartu
1346;mokasih;terima kasih
1347;waaah;wah
1348;banaaa;banget
1349;menginfokan;menginformasikan
1350;taraso;terasa
1351;no;tidak
1352;dihidupke;dihidupkan
1353;papo;apa
1354;ngandalke;mengandalkan
1355;olehnyo;olehnya
1356;kemenhub;kementrian perhubungan
1357;pacak;bisa
1358;idak;tidak
1359;inii;ini
1360;jalaur;jalur
1361;banyakk;banyak
1362;le;ke
1363;uga;juga
1364;well;baik
1365;noted;dicatat
1366;gtu;gitu
1367;maapkan;maafkan
1368;pembayaranny;pembayarannya
1369;soalny;soalnya
1370;trkhir;terakhir
1371;bkm;belum
1372;apalgi;apalagi
1373;bole;boleh
1374;dikit;sedikit
1375;sdh;sudah
1376;oprasional;operasional
1377;dipoll;di pangkalan
1378;ham;jam
1379;ataau;atau
1380;mnghiraukan;menghiraukan
1381;karancakan;kecantikan
1382;paniang;pusing
1383;basalahan;menyalahkan
1384;beypass;bypass
1387;mngkin;mungkin
1388;hbs;habis
1389;baijazah;punya ijazah
1390;siko;sini
1391;paliang;paling
1392;seirimg;seiring
1393;kanor;kantor
1394;belakngnya;belakangnya
1395;jidad;dahi
1396;kpd;kepada
1397;banya;banyak
1398;mamberikan;memberikan
1399;slalu;selalu
1400;kadi;jadi
1401;orange;oranye
1402;narek;tarik
1403;training;pelatihan
1404;dishub;dinas perhubungan
1405;sampik;sempit
1406;angek;panas
1407;oyong;huyung
1408;tibo;tiba
1409;nyupir;mengendarai
1410;banak;otak
1411;penyesak;mendesak
1412;menyesak;mendesak
1413;nyesak;desak
1414;reot;tua
1415;korupci;korupsi
1416;liat;lihat
1417;setujuu;setuju
1418;bangettt;banget
1419;riil;asli
1420;sayng;sayang
1421;rilll;asli
1422;malem;malam
1423;steba;siteba
1424;kamaa;kemana
1425;lewatnyo;lewatnya
1426;yes;iya
1427;pemda;pemerintah daerah
1428;dapek;dapat
1429;kmna;kemana
1430;sgtu;segitu
1431;oren;oranye
1432;hrs;harus
1433;msak;masa
1434;ush;perlu
1435;mkin;semakin
1436;trs;terus
1437;deal;sepakat
1438;nga;tidak
1439;bangeeeet;banget
1440;ditambahin;ditambah
1441;typo;salah tulis
1442;tranpadang;trans padang
1443;batat;barat
1444;trams;trans
1445;padamg;padang
1447;view;pemandangan
1448;cakep;bagus
1449;gmn;bagaimana
1450;tk;terima kasih
1451;shelternya;haltenya
1452;mhn;mohon
1453;pasbar;pasar baru
1454;krjo;kerja
1455;sia;siapa
1457;mantab;mantap
1458;ngabung;gabung
1459;lokernya;lowongan kerjanya
1460;thun;tahun
1461;beraktifts;beraktifitas
1462;laiii;lagi
1463;dinote;dicatat
1464;bukik;bukit
1465;taluak;teluk
1466;bayua;bayur
1467;kariang;kering
1468;karingek;keringat
1469;crnya;caranya
1470;kab;kabupaten
1471;sabuah;sebuah
1472;bakurang;berkurang
1473;ojol;ojek online
1474;tutuik;tutup
1475;abihan;menghabiskan
1476;kart;kartu
1477;cb;coba
1478;bhwa;bahwa
1479;pd;pada
1480;bnr;benar
1481;bgi;bagi
1482;trprhtikan;terperhatikan
1483;aceeh;aceh
1484;mudhan;mudah mudahan
1485;brizzy;brizzi
1486;taplau;tepi laut
1487;sbg;sebagai
1488;pemerintha;pemerintah
1489;mentraining;pelatihan
1490;umr;upah minimum regional
1491;lalin;lalu lintas
1492;jangkar;jangka
1493;wahh;wah
1494;start;mulai
1495;traveller;wisatawan
1496;thanks;terima kasih
1497;sngat;sengat
1498;trus;terus
1500;apolo;apa pula
1501;door;pintu
1502;marketnya;pasarnya
1503;knapa;kenapa
1504;rejeki;rezeki
1505;komplen;mengadu
1506;nymbuang;menyambung
1507;karumah;ke rumah
1508;pemberhrntianyo;pemberhentiannya
1509;tujuannyo;tujuannya
1510;nyambung;menyambung
1511;juony;juga
1512;jawek;jawab
1513;bng;abang
1514;ptg;kemarin
1515;cmn;cuman
1516;tengok;lihat
1517;jlan;jalan
1518;anbil;ambil
1519;hnya;hanya
1520;transmar;transmart
1521;paru;baru
1522;mgkn;mungkin
1523;dikasi;dikasih
1524;petugaa;petugas
1525;inyo;dia
1526;baranti;berhenti
1527;dampai;sampai
1528;kabunguih;ke bungus
1529;bapitih;punya uang
1530;tanianyo;teraniaya
1531;maabisan;menghabiskan
1532;jaek;jahat
1533;kakk;kakak
1534;kasitu;kesana
1535;wkwkwkwkw;wkwk
1536;siapp;siap
1537;x;kali
1538;kapadang;ke padang
1539;kudet;kurang mengetahui informasi terbaru
1540;pasaraya;pasar raya
1541;dekar;dekat
1542;btw;omong omong
1543;lope;suka
1544;tq;terima kasih
1545;mamikian;memikirkan
1546;tagarubuak;terjatuh
1547;jaih;jadi
1548;nda;tidak
1549;mambunuah;membunuh
1550;ruma;rumah
1551;santa;sebentar
1553;rmah;rumah
1554;taxi;taksi
1555;knp;kenapa
1556;taruih;terus
1557;nyooo;nya
1558;pakk;bapak
1559;jaln;jalan
1560;balanjo;belanja
1561;mantaaaaaap;mantap
1562;syekaliiii;sekali
1563;horeee;hore
1564;baurang;ada orang
1565;ari;hari
1566;alang;kemarin
1567;brapa;berapa
1568;bnyk;banyak
1569;test;tes
1570;tayo;trans padang
1571;bertambaj;bertambah
1572;transportsi;transportasi
1573;drvr;sopir
1574;angkt;angkutan kota
1575;yv;yang
1576;rjute;rute
1577;olh;oleh
1578;sana;disana
1579;kereeennn;keren
1580;mantaaaap;mantap
1581;hahahahahaha;haha
1582;sibisbiru;trans padang
1583;duo;dua
1584;saarah;searah
1585;muta;putar
1586;mutar;berputar
1588;kapa;kapal
1589;barangkek;berangkat
1590;dsana;disana
1591;mantaaappp;mantap
1592;tran;trans padang
1593;ig;instagram
1594;makasi;terima kasih
1595;dapatin;mendapatkan
1596;dmna;dimana
1597;dmnalagi;dimana lagi
1598;bg;abang
1599;po;apa
1600;tuak;datuak
1601;please;mohon
1602;share;bagikan
1603;dunk;dong
1604;my;ku
1605;for;untuk
1606;uo;up
1607;kanai;kena
1608;hasihan;kasihan
1609;antum;kamu
1610;akuh;aku
1611;fotoin;fotokan
1612;sdg;sedang
1613;shibook;sibuk
1614;jni;ini
1615;waduuh;waduh
1616;opr;operasional
1617;jm;jam
1618;transpdgnya;trans padangnya
1619;ngelewatin;melewatkan
1620;tdi;tadi
1621;nunggu;tunggu
1622;mind;admin
1623;hinga;hingga
1624;apaan;apa
1625;staff;staf
1626;kpn;kapan
1627;elo;kamu
1628;hehehehe;hehe
1629;ama;sama
1630;ehh;eh
1631;lnsg;langsung
1632;meniyakan;mengiyakan
1633;mrk;mereka
1634;tlp;telepon
1635;tmnnya;temannya
1636;mkshnya;terima kasih
1637;pkilah;pakailah
1638;nungu;tunggu
1639;tangung;tanggung
1640;mancalon;mencalonkan diri
1641;suak;besok
1642;walkot;wali kota
1643;goooooo;ini
1644;beresss;beres
1645;perumda;perusahaan umum daerah
1646;japuik;jemput
1647;ni;kakak
1648;limo;lima
1649;baleh;belas
1650;minik;menit
1651;ternyapa;ternyata
1652;nanggung;tanggung
1653;ngambil;mengambil
1654;kasihaan;kasihan
1655;tu;itu
1656;mlm;malam
1657;pngurus;pengurus
1658;ngapain;apa
1659;baco;baca
1660;cawako;calon wali kota
1661;maagiakan;memberikan
1662;wako;wali kota
1663;mamilah;memilah
1665;sbab;sebab
1666;ngeluh;mengeluh
1667;shere;bagikan
1668;kringek;keringat
1669;gannnn;juragan
1670;bato;bagaimana
1671;urng;orang
1672;tabayiaaa;terbayarkan
1673;punyo;punya
1674;bgmna;bagaimana
1675;gan;juragan
1676;auto;otomatis
1677;real;asli
1678;mandan;komandan
1679;up;naik
1680;nak;anak
1681;awak;saya
1682;kecekan;bilang
1683;wakot;wali kota
1684;wakilny;wakilnya
1685;shg;sehingga
1686;sagalo;segala
1687;hahaahahah;haha
1688;sekda;sekretaris daerah
1689;wali;wali kota
1690;haahha;haha
1691;mendadtar;mendaftar
1692;ealikota;wali kota
1693;wakilnyo;wakilnya
1694;jatuah;jatuh
1695;nampaknyo;nampaknya
1696;batinggaan;ditinggalkan
1697;mnggu;minggu
1698;tapay;tapai
1699;yo;ya
1700;trm;terima
1701;badak;bedak
1702;nangeeees;menangis
1703;luntuuur;luntur
1704;menangiiiiiiiiiiissss;menangis
1705;nanya;tanya
1706;sabananya;sebenarnya
1707;manejemen;manajemen
1708;jalehan;jelaskan
1709;mak;ibu
1710;kacaaaauuuu;kacau
1711;duni;dunia
1712;menteri;mentri
1713;kebtkp;ke tempat kejadian perkara
1714;bgtu;begitu
1715;missinformasi;salah informasi
1716;diklatifikasi;diklarifikasi
1717;ngadu;mengadu
1718;kesiapa;ke siapa
1719;payahhhhhhh;payah
1720;patuiklah;patutlah
1721;bakelok;berbelok
1722;bw;bawa
1723;malayang;melayang
1724;nyobtd;nya tadi
1725;bayialah;bayarlah
1726;jariah;jerih
1727;sabanano;sebenarnya
1728;harusno;harusnya
1729;bahaso;bahasa
1730;uda;abang
1731;nampak;tampak
1732;bikinlah;buatlah
1733;yah;ya
1734;biaan;biarkan
1735;rato2;rata rata
1736;ampiang;hampir
1737;tbo2;tiba tiba
1738;srempet;serempet
1739;pemkotnyo;pemerintah kota nya
1740;takalok;tertidur
1741;mbk;mbak
1742;igg;instagram
1743;add;tambahkan
1744;yn;yang
1745;bat;banget
1746;w;saya
1747;bantuannyo;bantuannya
1748;caritonyo;ceritanya
1749;bayiaa;bayar
1750;woii;woi
1751;basasak;didesak
1752;bakaluaan;dikeluarkan
1753;bln;bulan
1754;baypas;bypass
1755;mngkn;mungkin
1756;management;manajemen
1757;langang;sepi
1758;tatutuik;tertutupi
1759;laii;lagi
1760;hobby;hobi
1761;mambae;mengambil
1762;complaint;komplain
1763;gblk;goblok
1764;hoooo;ho
1765;ready;siap
1766;bakureh;kerja keras
1767;maagiah;memberi
1768;keluarganyo;keluarganya
1769;utak;otak
1770;gunoanlah;gunakanlah
1771;masalh;masalah
1772;kongkalengkongnya;perhitungannya
1773;beginian;begini
1774;enteng;mudah
1775;sopirnyo;sopirnya
1776;bantuak;bentuk
1777;laiiii;lagi
1778;wahhh;wah
1779;sketek;sedikit
1780;ditarimo;diterima
1781;malamar;melamar
1782;ooh;oh
1783;baputa;berputar
1784;sabilah;bisalah
1785;capekselah;cepat sajalah
1786;angk;angkutan kota
1787;samo2;sama sama
1788;taula;tahu lah
1789;onlen;online
1790;mahaaa;mahal
1791;takao;kuat
1792;apolae;apalagi
1793;indaruang;indarung
1794;uanand;universitas andalas
1795;pacapek;percepat
1796;bia;biar
1797;mancuboan;mencobakan
1798;jauah2;jauah jauah
1799;mantulll;mantap betul
1800;akhirnyaaa;akhirnya
1801;bestie;sahabat
1802;nxa;nya
1803;kaba;kabar
1804;gn;gunung
1805;ssahhh;sah
1806;tuuuuu;itu
1807;sakali;sekali
1808;capek;cepat
1809;selah;sajalah
1810;3sangah;tiga ribu lima ratus
1811;ank2;anak anak
1812;mendptkan;mendapatkan
1813;tungu;tunggu
1814;dinanana;dimananya
1815;dpt;dapat
1816;lu;kamu
1817;nakss;anak
1818;marasai;menderita
1819;ijau;hijau
1820;kendraan;kendaraan
1821;fresh;baru
1822;news;berita
1823;pemkab;pemerintah kabupaten
1824;tuk;untuk
1825;perum;perusahaan umum
1826;hiduik;hidup
1827;bis;bus
1828;semogaaa;semoga
1829;nihhhh;nih
1830;rami;ramai
1831;penumpangnyo;penumpangnya
1832;samakin;semakin
1833;manangih;menangis
1834;ngelamar;melamar
1835;u;untuk
1836;dipikiaan;dipikirkan
1837;kmehan;selesaikan
1838;sdoalhnyo;semuanya
1839;tamba;tambah
1840;Terniayalah;teraniaya
1841;jaman;zaman
1842;byak;banyak
1843;smo;sama
1844;mhsiswa;mahasiswa
1845;bruak;buruk
1846;kba;kabar
1847;aaaaammmiinn;amin
1848;kmi;kami
1849;llus;lulus
1850;sdoalahan;semuanya
1851;katonyo;katanya
1852;enama;enam
1853;doong;dong
1854;andaleh;andalas
1856;macetnyo;macetnya
1857;btl;betul
1858;akhirnyaa;akhirnya
1859;pesan;pesan
1860;bosa;bisa
1861;jali2;jalan jalan
1862;abak;bapak
1863;nich;nih
1864;hakhakhak;haha
1866;bye;selamat tinggal
1867;alhmdllh;alhamdulillah
1868;manebeng;menumpang
1869;emak;memang
1870;ruwet;rumit
1871;transs;trans
1872;bikinpakai;buat pakai
1873;naiek;naik
1874;brizii;brizzi
1875;copy;salin
1876;simple;sederhana
1877;msg2;masing masing
1878;ntr;nanti
1879;dtrack;dilacak
1880;device;perangkat
1881;no;nomor
1882;brpa;berapa
1883;kmn;kemana
1884;paste;tempel
1885;resource;sumber daya
1886;development;pengembangan
1887;real-time;waktu nyata
1888;proper;pantas
1889;app;aplikasi
1890;dbuat;dibuat
1891;mentracking;melacak
1892;sadioan;sediakan
1893;sabek;sebab
1894;sadonyo;semuanya
1895;tarimokasih;terima kasih
1896;mangalo;kenapa pula
1897;kadidemo;mau didemo
1898;diliek;diliat
1899;sudah2;lalu
1900;kadanai;kena
1901;mereh;merah
1902;dek;karena
1903;abisan;menghabiskan
1904;nyalip2;menyalip
1905;body;badan
1906;gede;besar
1907;ketabrak;tertabrak
1908;santuy;santai
1909;prmslahan;permasalahan
1910;difkirkan;difikirkan
1911;bkan;bukan
1912;fsilitas;fasilitas
1913;ditmbah;ditambah
1914;juga;juga
1915;tmbh;tambah
1916;ngurusnya;mengurusnya
1917;ksih;kasih
1918;duitnya;uangnya
1919;slh;salah
1920;nnti;nanti
1921;dksih;dikasih
1922;lngsung;langsung
1923;diadoan;diadakan
1924;dulunyo;dulunya
1925;thnkyou;terima kasih
1926;tindaklanjutnya;tindak lanjutnya
1927;unn;kakak
1928;ewww;ew
1929;mandek;berhenti
1930;tambud;taman budaya
1931;hehhee;hehe
1932;fullday;seharian penuh
1933;jt;juta
1934;batuah;betul
1935;dki;daerah khusus ibukota
1936;daa;abang
1937;jaan;jangan
1938;samoan;samakan
1939;gadang;besar
1940;biaa;biar
1941;gratisny;gratisnya
1942;disinan;disana
1943;penganguran;pengangguran
1944;kmbangkan;kembangkan
1945;udaro;udara
1946;tlmpau;terlampau
1947;pokonya;pokoknya
1948;caronyo;caranya
1949;salasaian;selesaikan
1950;dipikian;dipikirkan
1951;batambah;bertambah
1952;kato;kata
1953;wkwkwkw;wkwk
1954;pakan;pekanbaru
1955;;
1956;ceke;pelit
1957;pliki;pelit
1958;nyoh;saja
1959;skip;lewati
1960;ota;omong
1961;pmk;pemadam kebakaran
1962;males;malas
1963;endors;pemasaran
1964;bales;balas
1965;sblmnya;sebelumnya
1966;ngilangin;menghilangkan
1967;ilang2;hilang
1968;kapai;mau pergi
1969;kapulang;mau pulang
1970;mambayia;membayar
1971;lha;lah
1972;tm;transmart
1973;mantapp;mantap
1974;mempuss;mampus
1975;hentam;hantam
1976;dihentamnya;dihantamnya
1977;baputa2;berputar putar
1978;kaliliang;keliling
1979;malakik;sembari
1980;onda;motor
1981;wkkwkwkkw;wkwk
1982;jammm;jam
1983;ultahnya;ulang tahunnya
1984;raunn;jalan jalan
1985;gratisss;gratis
1986;stngah;setengah
1987;harinyo;harinya
1988;dikecek;dibilang
1989;pilik;pelit
1990;handk;hendak
1991;hahahahah;haha
1992;amuah;mau
1993;liek;balik
1994;puta2;putar putar
1995;gabut;tidak melakukan apa apa
1996;deknyo;karenanya
1997;ngaluaan;mengeluarkan
1998;tanyoan;tanyakan
1999;ujuang;ujung
2000;pembentian;pemberhentian
2001;balewatan;dilewatkan
2002;salamo;selama
2003;tiok2;tiap tiap
2004;batanyo;bertanya
2005;kturun;mau turun
2006;kabwah;kebawah
2007;kateh;keatas
2008;untuang;untung
2009;basiso;bersisa
2010;bajalan;berjalan
2011;gai;pula
2012;masoiyo;masa iya
2013;mamanjokan;memanjakan
2014;agaiah;kasih
2015;kadianyo;biarkanlah
2016;ksihan;kasihan
2017;sma;sama
2018;ngpain;mengapa
2019;mendingg;mending
2020;penuhh;penuh
2021;huhuhuh;huhu
2022;bagunoan;digunakan
2023;jjs;jalan jalan sore
2024;sabaliak;seputaran
2025;carii;cari
2026;angkek;angkat
2027;trasns;trans
2028;tabaian;terbayarkan
2029;sembar;sumatra barat
2030;maav;maaf
2031;sj;saja
2032;fulll;penuh
2033;.ehehhehe;hehe
2034;acra;acara
2035;ayuuukk;ayo
2036;iyoo;iya
2037;mnatab;mantap
2038;bund;bunda
2039;batamu;bertemu
2040;otw;sedang dalam perjalanan
2041;kaan;kan
2042;cemen;penakut
2043;asiik;asik
2044;tuu;itu
2045;bak;bagaimana
2046;kandak;kehendak
2047;baaa;bagaimana
2048;seee;saja
2049;grastisan;gratiskan
2050;jdiii;jadi
2051;dipadang;di padang
2052;skuylah;ayolah
2053;naah;nah
2054;bestiee;sahabat
2055;gatis;gratis
2056;tongah;tengah
2057;hati;hari
2058;ksh;kasih
2059;kapakan;ke pekanbaru
2060;malehh;malas
2061;raon;jalan jalan
2062;yh;yah
2063;sklh;sekolah
2064;vuksin;vaksin
2065;syg;sayang
2066;Haaadddduuuuhhhh;aduh
2067;garatis;gratis
2068;seteng;setengah
2069;adoo;ada
2070;laen;lain
2071;kompooi;konvoi
2072;talok;mampu
2073;harii;hari
2074;trategis;strategis
2075;pamberang;pemarah
2076;jaraknyo;jaraknya
2077;dimuko;didepan
2078;kadai;kedai
2079;dipepet;pepet
2080;apak2;bapak
2081;sarombongan;serombongan
2082;kecek;omong
2083;oppa;abang
2084;v;5
2085;mujua;mujur
2087;cieklah;satupun
2088;dkt;dekat
2089;soalx;soalnya
2090;bangeet;banget
2091;sangaaat;sangat
2092;jauuuhhhh;jauh
2093;mna;mana
2094;ib;imam bonjol
2095;pliss;mohon
2096;ayia;air
2097;ayoo;ayo
2099;markicob;mari kita coba
2100;cuiii;berangkat
2101;sampao;sampai
2102;dilaluli;dilalui
2103;baraliah;beralih
2104;manuruik;menurut
2105;nahh;nah
2106;haah;hah
2107;kluarga;keluarga
2108;tayooo;bus trans padang
2109;kapaaaan;kapan
2110;meman;memang
2111;biya;iya
2112;jakta;jakarta
2113;aplgi;apalagi
2114;jkta;jakarta
2115;jiko;jika
2116;baguss;bagus
2117;protess;protes
2118;trem;kereta
2119;berang;marah
2120;rumahnyo;rumahnya
2121;bro;abang
2122;barakali;berapa kali
2123;koeee;ini
2124;sdah;sudah
2125;meningkatkn;meningkatkan
2126;msyarkat;masyarakat
2127;mindsetny;pola pikirnya
2128;masyarakatnyo;masyarakatnya
2129;pemikirannyo;pemikirannyo
2130;mamakai;memakai
2131;lmo;lama
2133;kad;kartu
2134;only;hanya
2135;anjr;anjir
2136;kmrn2;kemarin
2137;indo;indonesia
2138;complang;jomplang
2139;mslahny;masalahnya
2140;tpi;tetapi
2141;nyangkut;menyangkut
2142;pembebsan;pembebasan
2143;jdiny;jadinya
2144;yaaa;iya
2145;duit;uang
2146;dijualll;dijual
2147;ex;contoh
2148;mw;mau
2149;mindsetnya;pola pikirnya
2150;sbgian;sebagian
2151;seksiny;seksinya
2152;saisuak;kemarin
2153;sbalaunyo;sebelumnya
2154;ttap;tetapi
2155;korupnyo;korupsi
2156;hanyo;hanya
2157;nolak;menolak
2158;pemerintahanya;pemerintahannya
2159;nantinkita;nanti kita
2160;detail;detil
2161;ngopi;meneguk kopi
2162;keknya;sepertinya
2163;nontunai;non tunai
2164;product;produk
2165;jelasinnya;menjelaskannya
2166;merk;merek
2167;ngomong;bicara
2168;bali;beli
2169;dibuek;dibuat
2170;bner;benar
2171;bnget;banget
2172;seharusny;seharusnya
2173;dsna;disana
2174;mksudny;maksudnya
2175;msy;masyarakat
2176;mreka;mereka
2177;scra;secara
2178;trbaru;terbaru
2179;jkrta;jakarta
2180;trnasportasi;transportasi
2181;terintrgrasi;terintegrasi
2182;ngontrak;mengontrak
2183;pejero;pajero
2184;helux;hilux
2185;10thn;sepuluh tahun
2186;dripada;daripada
2187;lamaa;lama
2188;indonesi;indonesia
2189;pdng;padang
2190;masarakat;masyarakat
2191;biskota;bus kota
2192;lansia;lanjut usia
2193;disfabel;difabel
2194;ft;fakultas teknik
2195;baso;bahasa
2196;puta;putar
2197;ujuang2;ujung ujung
2198;barek;berat
2199;talampau;terlampau
2200;mangarati;mengerti
2201;mnyediakan;menyediakan
2202;smua;semua
2203;ewalet;ewallet
2204;bayiee;bayarnya
2205;marasoan;merasakan
2206;senyo;saja
2207;soalnyo;soalnya
2208;expertnyo;ahlinya
2209;mksud;maksud
2210;awk;saya
2211;kto;kata
2212;mncontoh;mencontoh
2213;atw;atau
2214;pembhsan;pembahasan
2215;wk;saya
2216;manyingguang;menyinggung
2217;kajalan;ke jalan
2218;dijapuik;dijemput
2219;snak;saudara
2220;seadanyo;seadanya
2221;salengah;sedikit
2222;taka;seperti
2223;satahun;setahun
2224;nonstop;tidak berhenti
2226;jaktim;jakarta timur
2227;jakbar;jakarta barat
2228;jakut;jakarta utara
2229;jakpus;jakarta pusat
2230;jaksel;jakarta selatan
2231;dilua;diluar
2232;baiak;baik
2233;seamless;mulus
2234;nyambuang;nyambung
2235;mancaliak;melihat
2236;teoris;teoritis
2237;malancong;melancong
2238;konektifitas;konektivitas
2239;tahubuang;terhubung
2240;kama2;kemana mana
2241;dipredikai;diprediksi
2242;tibonyo;ketibaannya
2243;talabiah;terlebih
2244;maleset;memelesetkan
2245;sambuang-an;sambungkan
2247;irang;orang
2248;pangambiran;pegambiran
2249;skali;sekali
2250;batele;bertele
2251;lae;lagi
2252;itula;itulah
2253;baliaklah;kembalikan
2254;samullo;semula
2255;pdgko;padang ini
2256;njaklah;tidaklah
2257;selai;saja lagi
2258;pride;kebanggaan
2259;kenalpot;knalpot
2260;diperkampuangan;diperkampungan
2261;dulugak;dulu tidak
2262;klumpur;kuala lumpur
2263;cendrung;cenderung
2264;sajontrans;saja trans
2265;kabalimbiang;ke belimbing
2267;spt;seperti
2268;stopbus;titik pemberhentian bus
2269;dinatangkan;dimatangkan
2270;paluah;keringat
2271;gajinyo;gajinya
2272;manunggak;menunggak
2273;sikolah;sekolah
2274;nyamukkk;nyamuk
2275;yokk;ayo
2276;yok;ayo
2277;perunan;turun
2278;keatas;ke atas
2279;nafas;napas
2280;abg;abang
2281;system;sistem
2282;puaso;puasa
2283;pundur;tidak berfungsi
2284;kadishub;kepala dinas perhubungan
2285;sebrang;seberang
2286;nambah;tambah
2287;manfaanya;manfaatnya
2288;adanyabtrans;adanya trans
2289;bgmn;bagaimana
2290;ngigau;mengingau
2291;basabuik;disebut
2292;buruak²;buruk
2293;ngetem;mengetem
2294;balimbiang;belimbing
2295;gender;jenis kelamin
2296;seprti;seperti
2297;dsb;dan sebagainya
2298;trafficlight;lampu merah
2299;mhs;mahasiswa
2300;lakalantas;kecelakaan lalu lintas
2301;memerhatikan;memperhatikan
2302;diperioritaskan;diprioritaskan
2303;smga;semoga
2304;smkin;semakin
2305;mrsa;merasa
2306;past;pasti
2307;akn;akan
2308;kemode;ke moda
2309;jlnnya;jalannya
2310;walikota;wali kota
2311;jdwal;jadwal
2312;banaaaaaaaaaaaaaa;banget
2313;akhirnyaaaaaa;akhirnya
2314;slanjutnya;selanjutnya
2315;setujuj;setuju
2316;gpp;tidak apa apa
2317;takaja;terkejar
2318;rate;rute
2319;pdhal;padahal
2320;gada;tidak ada
2321;rapun;ambil
2322;pekerjaa;pekerja
2323;pandapek;pendapat
2324;pembawaannyo;pembawaannya
2325;ado2;ada
2326;mambaok;membawa
2327;dipiliah;dipilih
2328;mako;maka
2329;nabrak;tabrak
2330;mancari;mencari
2332;baganti;berganti
2333;trand;trans
2334;bkn;bukan
2335;pmrintah;pemerintah
2336;srmaksimal;semaksimal
2337;dbantu;dibantu
2338;ngabisin;menghabiskan
2339;busway;bis
2340;ksi;kasih
2341;clue;petunjuk
2342;msih;masih
2343;engga;tidak
2344;point;poin
2345;mbayieaaa;membayar
2346;hrusnyo;harusnya
2347;dsumbar;di sumatera barat
2348;msyarakat;masyarakat
2349;sakola;sekolah
2350;piak;kakak
2352;mksh;terima kasih
2353;nanyo;tanya
2354;marantau;merantau
2355;ngatur;mengatur
2356;wlkot;wali kota
2357;rb;ribu
2358;wli;wali kota
2359;beraisaing;bersaing
2360;kyknya;kayaknya
2361;bapangaruh;berpengaruh
2362;ppadang;padang
2363;making;makin
2364;impo;informasi
2365;lauak;ikan
2366;amburadul;berantakan
2367;aliahan;alihkan
2368;nunggak;menunggak
2369;kumpuan;kumpulkan
2370;tertip;tertib
2371;ngejar;mengejar
2372;kly;kalau
2373;padag;padang
2374;iyaaaa;iya
2375;route;rute
2376;kang;abang
2377;samose;sama saja
2378;mamatian;mematikan
2379;pancarian;pencarian
2380;joo;dengan
2381;subana;sebenarnya
2382;kapelosok;ke pelosok
2383;babae;diambil
2384;dualahnyo;semuanya
2385;skalian;sekalian
2386;korridor;koridor
2387;headline;judul
2388;msuak;masuk
2389;hrsus;harus
2390;urnk;orang
2391;sticker;stiker
2392;menydiakannya;menyediakannya
2393;skrgkan;sekarang kan
2394;angkot²;angkutan kota
2395;tabiang;tabing
2396;panuh;penuh
2397;bayo;buaya
2398;cakak;bertengkar
2399;ladiang;lading
2400;Strowberyyy;stroberi
2401;buayo;buaya
2402;kaluan;keluarkan
2403;bakaluan;dikeluarkan
2404;pepmbeli;membeli
2405;pakain;pakaian
2406;keu;kue
2407;sehatusnya;seharusnya
2408;mandangga;mendengar
2409;galak;ketawa
2410;hahahha;haha
2411;kanarimo;mau menerima
2412;hahahhaha;haha
2413;bapack;bapak
2414;pack;bapak
2415;iiiinnniiii;ini
2416;iiniii;ini
2417;paraaaahhhh;parah
2418;bayie;bayar
2419;rayo;raya
2420;baia;bayar
2421;kagett;kaget
2422;kaka;kakak
2423;tipi;televisi
2424;mntapp;mantap
2425;kelazzz;kelas
2426;mentolerir;toleransi
2427;dzalim;zalim
2428;jgan2;jangan
2429;walikotanya;wali kota
2430;liau;beliau
2431;maambiak;mengambil
2432;bapikia;berpikir
2433;pambayia;membayar
2434;doso;dosa
2435;speak;bicara
2436;sajuta;sejuta
2437;tulak;tolak
2438;emangnya;memangnya
2439;kasaku;ke saku
2440;surang2;masing masing
2441;tagakan;menegakkan
2442;takuik;takut
2443;klah;kalah
2444;nmuh;mau
2445;manambang;beroperasi
2446;astaqfrullah;astagfirullah
2447;ln;luar negeri
2448;kayo;kaya
2449;maliang;maling
2450;ateh;atas
2451;tabayia;terbayarkan
2452;parahhh;parah
2453;iniiiii;ini
2454;brooo;abang
2455;oiii;oi
2456;tabaok;terbawa
2457;yooo;ya
2458;bajalananbjuo;dijalankan juga
2459;kancang;cepat
2460;mampakaan;menyebut orang bodoh
2461;emangg;memang
2462;tetsngga;tetangga
2463;setop;berhenti
2464;ingek;ingat
2465;tabaiak;terbaiklah
2466;bakato;berkata
2467;babaliak;berbalik
2468;jafi;jadi
2469;bacarito;bercerita
2470;barazaki;memiliki rezeki
2471;drinsupir;dari sopir
2472;amiinnn;amin
2473;sorang;sendiri
2474;kasiak;pasir
2475;maliek;melihat
2476;krjoanny;kerjakannya
2477;sehrusnyo;seharusnya
2478;dahuluan;dahulukan
2479;apk2;bapak bapak
2480;klralga;keluarga
2481;manntian;menantikan
2482;sarupiah;se rupiah
2483;apk2nya;bapaknya
2485;lamak2;enak enak
2486;makn;makan
2487;mnum;minum
2488;llk;tidur
2489;kian;kesana
2490;kmri;kemari
2491;dihaulukan;didahulukan
2492;mambyia;membayar
2493;bukk;ibu
2494;sagetek;sedikit
2495;manzalomi;menzalimi
2496;klian;kalian
2497;mandadak;mendadak
2498;ngkoot;angkutan kota
2499;sementar;sementara
2500;berlagu;belagu
2501;cum;cuma
2502;beking;orang belakang
2503;taaniayo;teraniaya
2504;nyimak;menyimak
2505;tarui;terus
2506;mslah;masalah
2507;bongak;bodoh
2508;sato;ikut
2509;kooo;ini
2510;babaia;dibayar
2511;takok;tebak
2512;assiiiaaapppp;siap
2513;heheee;hehe
2514;slow;sabar
2515;zholim;zalim
2516;swas;swasta
2517;waknda;indonesia
2518;korup;korupsi
2519;pernag;pernah
2520;mikian;memikirkan
2521;msasyrakat;masyarakat
2522;baruak2;monyet
2523;kanyang2;kenyang
2524;paruik;perut
2525;batuaaaa;betul
2526;secra;secara
2527;inbox;pesan masuk
2528;elit;elite
2529;besty;sahabat
2530;back;kembali
2531;the;ke
2532;setidaknyo;setidaknya
2533;ustad;ustaz
2534;distop;diberhentikan
2535;malantun;melantun
2536;muncuang;mulut
2537;samanjak;semenjak
2538;balikin;kembalikan
2539;handle;menangani
2540;professional;profesional
2541;blacklist;daftar hitam
2542;byr;bayar
2543;dar;dari sopir
2544;bepass;bypass
2545;kapatang;kemarin
2546;banyia;bayar
2547;kn;kan
2548;mslh;masalah
2549;tras;trans padang
2550;dokeluarkan;dikeluarkan
2551;pending2;tertunda
2552;lowongannkerja;lowongan kerja
2553;kma;kemana
2554;bawahannyo;bawahannya
2555;nyoo;nya
2556;susygkan;sayangkan
2557;dngn;dengan
2558;dblik;dibalik
2559;wowan;wow
2560;slmo;selama
2561;tigo;tiga
2562;digeatiskan;di gratiskan
2563;stiba;siteba
2564;beroperas;beroperasi
2565;bungui;bungus
2566;alhamdulillaaah;alhamdulillah
2567;wiis;wis
2568;akhirny;akhirnya
2569;haltenyaa;haltenya
2570;benerin;diperbaiki
2571;milo;bila
2572;balimbing;belimbing
2573;jaklinko;jaklingo
2574;conecting;terhubung
2575;tuo;tua
2576;nja;nya
2577;bunguss;bungus
2578;healingg;jalan jalan
2579;asikk;asik
2580;muek;muat
2581;angkott;angkutan kota
2582;tuuuu;itu
2583;mangkin;semakin
2584;yuhhuuu;yuhu
2585;maagiahkan;memberikan
2586;mariii;mari
2587;kelennnn;kalian
2588;jua;jual
2589;bestai;sahabat
2590;karojo;kerja
2591;profesionalannya;profesionalitasnya
2592;pemkot;pemerintah kota
2593;transpdang;trans padang
2594;tranportasi;transportasi
2595;insaallah;insya allah
2596;nmuah;boleh
2597;mambao;membawa
2598;mangaleh;berjualan
2599;bgus;bagus
2600;tj;transjakarta
2601;walaw;walau
2602;kalua;keluar
2603;cusss;pergi
2604;murce;sangat murah
2605;semogaaaa;semoga
2606;tambahhin;tambahkan
2607;make;pakai
2609;tar;nanti
2610;akhirnyo;akhirnya
2611;trans;trans padang
2612;cinto;cinta
2613;gamau;tidak mau
2614;mtr;motor
2616;samaa;sama
2617;manih;manis
2618;lahhh;lah
2619;asiikk;asik
2620;ngamuk;mengamuk
2621;kemaren;kemarin
2622;maybe;mungkin
2623;trakhir;terakhir
2624;pailah;pergilah
2625;ongkosny;ongkosnya
2626;padangnyo;padangnya
2627;trobos;terobos
2628;inget;ingat
2629;orangpa;orang apa
2630;bawak;bawa
2631;maaih;masih
2632;safety;aman
2633;psr;pasar
2634;biaar;biar
2635;kkak;kakak
2636;kabarr;kabar
2637;iii;3
2638;kyknyo;kayaknya
2639;hahaaa;haha
2640;cieee;cie
2641;iniii;ini
2642;apak²;bapak
2643;sagadang;sebesar
2644;pagadang;perbesar
2645;basalisiah;berselisih
2646;kteknyo;kecil cuman
2647;biko;nanti
2648;bakok;kenapa kok
2649;menyebrang;menyeberang
2650;sbb;sebab
2651;thank;terima kasih
2652;ngarep;berharap
2653;gp;gunung pangilun
2654;1orwng;1 orang
2655;nerapin;menerapkan
2656;out;keluar
2657;babayo;berbahaya
2658;smnjak;semenjak
2659;kuniang;kuning
2660;rekomanded;direkomendasikan
2661;mnurut;menurut
2662;ksinan;kesana
2663;daeerah;daerah
2664;gunungpangilun;gunung pangilun
2665;bagai;juga
2666;dspat;dapat
2667;gopak;gopay
2668;shopee;shopeepay
2669;tmpat;tempat
2670;nanbung;nabung
2671;smpat;sempat
2672;kartunnya;kartunya
2673;kartuny;kartunya
2674;pkai;pakai
2675;diplank;diplang
2676;badarai;berderai
2677;ahirnya;akhirnya
2678;tmp;tempat
2679;bapikian;dipikirkan
2680;ketek2;kecil kecil
2681;satuju;setuju
2682;meninggoy;meninggal
2683;lumin;lubuk minturun
2684;puruih;purus
2685;terans;trans
2686;dishare;dibagikan
2687;sistemnyo;sistemnya
2688;biss;bus
2689;kamari;kemari
2690;gilo;gila
2691;kni;kini
2692;cino;cina
2693;taba;tebal
2695;dalamnyo;dalamnya
2696;ampia;hampir
2697;service;perbaikan
2698;cibo;coba
2699;terkhir;terakhir
2700;sko;sini
2701;krmh;ke rumah
2702;assseekk;asyik
2703;cobain;cobakan
2705;go;pergi
2706;taplaw;tepi laut
2707;karambia;kelapa
2708;ambek;menghambat
2709;korido2;koridor 2
2710;poll;pangkalan
2711;pool;pangkalan
2712;kasian;kasihan
2713;bawahanyo;bawahannya
2714;dibaia;dibayar
2715;tbo;tiba
2716;anth;entah
2717;pernh;pernah
2718;wiiihhh;wih
2719;pda;pada
2720;ikoo;ini
2721;byrnya;bayarnya
2722;wisataa;wisata
2723;mancubo;mencoba
2724;cussd;pergi
2725;barasok;berasap
2726;pengalam;pengalaman
2727;kerennnn;keren
2728;kuy;yuk
2729;gaasss;gas
2730;ayoooo;ayo
2731;invest;investasi
2732;dikss;adik
2733;ges;teman
2734;nirwanaaa;nirwana
2735;doain;doakan
2736;gassssss;gas
2737;kesiniiii;kesini
2738;harusss;harus
2739;cobaaa;coba
2741;sabi;bisa
2742;ridak;tidak
2743;masadepan;masa depan
2745;explore;jelajah
2746;barantimyo;berhentinya
2747;baredar;beredar
2748;bulak;bolak
2749;habih;habis
2750;tpksa;terpaksa
2751;kabuang;kabung
2752;st;sutan
2753;sadoalah;semua
2754;lamoo;lama
2755;otoonyoo;mobilnya
2756;tiboo;tiba
2757;aym;ayam
2758;kelar;selesai
2759;ituuu;itu
2760;pidionya;videonya
2761;seruuuu;seru
2762;tpiii;tapi
2763;kmaren;kemarin
2764;mauuuuuuu;mau
2765;siieeeeeee;sih
2766;ihh;ih
2767;ayuu;ayo
2768;laaaaa;lah
2769;kemano;kemana
2770;bangetttttt;banget
2771;jaranggg;jarang
2772;kronyo;kiranya
2773;jngn;jangan
2774;pdang;padang
2775;makash;terima kasih
2776;infony;informasinya
2777;rencna;rencana
2779;ekspek;menduga
2781;stu;situ
2782;partamo;pertama
2783;tlh;tulah
2784;prtamo;pertama
2785;dpek;dapat
2786;tiboan;didatangkan
2787;kog;kok
2788;dma;dimana
2789;pemberentian;pemberhentian
2790;danga;dengar
2791;pkia;pikir
2792;ptang;kemarin
2793;cliak;lihat
2794;dlam;dalam
2795;kastu;kesana
2796;krng;kurang
2797;branti;berhenti
2798;snta;sebentar
2799;lambek2;lambat lambat
2800;dkek;dekat
2801;kaliii;kali
2802;ngakak;lucu
2803;dipabanyak;diperbanyak
2804;apaak;bapak
2805;naan;yang
2806;lahjaleh;sudah jelas
2807;adooh;ada
2808;bagaiman;bagaimana
2809;banyakin;perbanyak
2810;hallteee;halte
2811;loo;loh
2812;sandek;terhambat
2813;otxx;otak
2814;selter;halte
2815;lhoo;loh
2816;rpanya;rupanya
2818;siagak;sedikit
2819;antah;entah
2820;pasan;pesam
2821;ngantarin;mengantarkan
2822;trunkan;turunkan
2823;1thun;1 tahun
2824;bruk;buruk
2825;stopnya;berhentinya
2826;kurg;kurang
2827;bahyak;banyak
2828;carito;cerita
2829;pemberhentianny;pemberhentiannya
2830;pemukimam;pemukiman
2831;aaja;saja
2832;mmg;memang
2833;smntara;sementara
2834;armadany;armadanya
2835;nunggunyo;nunggunya
2836;pengoperasin;pengoperasian
2837;kmana2;kemana
2838;vendornyo;vendornya
2839;armadanyo;armadanyo
2840;bantak;seperti
2841;unitnyo;unitnya
2842;insyaallah;insya allah
2843;standart;standar
2844;uangny;uangnya
2845;ngemdumel;mengomel
2846;omongin;bilang
2847;busny;busnya
2848;maximal;maksimal
2849;nnt;nanti
2850;nungguny;tunggunya
2851;smntra;sementara
2852;selelesai;selesai
2853;marketing;pemasarannya
2854;traveling;jalan jalan
2855;mikir;pikir
2856;stay;tinggal
2857;big;besar
2858;cs;layanan pengguna
2859;angaaran;anggaran
2860;iduik;hidup
2861;babukak;dibuka
2862;pintunyo;pintunya
2863;schedule;jadwal
2864;diperuntukan;diperuntukkan
2865;lataknya;letaknya
2866;yoklaahhh;ayolah
2867;barantinyo;berhentinya
2868;kakampus;kekampus
2869;mksdnyo;maksudnya
2870;smpaikan;sampaikan
2871;k2;koridor 2
2872;plng;plang
2873;usahoan;usahakan
2874;in;masuk
2875;bisnyo;busnyo
2876;antaro;antara
2877;tranny;trans padangnya
2878;inih;ini
2879;operasionalnyo;operasionalnya
2880;tabantu;terbantu
2881;kerjany;kerjanya
2882;casless;non tunai
2883;drpd;daripada
2884;mbaakkk;mbak
2885;pengelolanyo;pengelolanya
2886;trutama;terutama
2887;kerjsama;kerjasama
2888;bataskota;batas kota
2889;idup;hidup
2890;plisss;mohon
2891;trnsitnya;transitnya
2892;transitndi;transit di
2893;du2k;duduk
2894;dn;dan
2895;krg;kurang
2896;pupuah;sekaligus
2897;hbis;habis
2898;manuntut;menuntut
2899;biasokan;biasakan
2900;uni;kakak
2901;salahnyo;salahnya
2902;tngga;tinggal
2903;truih;terus
2904;krano;karena
2905;rmh;rumah
2906;dimaaa;dimana
2908;lwt;lewat
2909;adobg;ada abanng
2910;mana;dimana
2911;sakolah;sekolah
2912;angkotlo;angkutan umum pula
2913;talamber;terlambat
2914;soreee;sore
2915;Amldh;alhamdulillah
2916;donh;dong
2917;alhamdullah;alhamdulillah
2918;barayia;berkeringat
2919;itam;hitam
2920;map;peta
2921;rutenyo;rutenya
2922;masooook;masuk
2923;diliat;dilihat
2924;tlk;teluk
2925;pemnerhentiannya;pemberhentiannya
2926;dikerahui;diketahui
2927;barani;berani
2928;gamang;ragu
2929;maniak;menaikkan
2930;tlg;tolong
2931;ngantri;mengantri
2932;mapnyo;petanya
2933;giko;begini
2934;mancaliaknyo;melihatnya
2935;order;pesan
2936;minder;tidak percaya diri
2937;goals;tujuan
2938;ngecilin;mengecilkan
2939;tatuka;tertukar
2940;flyover;jembatan layang
2941;diperbyk;diperbanyak
2942;badasak2;berdesakan
2943;trana;trans
2944;gilo2;gila
2945;gaban;besar
2946;kordor;koridor 2
2947;setegah;setengah
2948;buekan;dibuatkan
2949;baliakny;baliknya
2950;lamah;lemah
2951;tercerabut;tercabut
2952;ngomen;komentar
2953;kiro;kira
2954;stopnyo;berhentinya
2955;vasilitas;fasilitas
2956;pemberentiannya;pemberhentiannya
2957;yoppppp;iya
2958;kpdg;ke padang
2959;whaww;wow
2960;kerenn;keren
2961;mabuak;mabuk
2962;mgkin;mungkin
2963;sbnta;sebentar
2964;dk;tidak
2965;laah;lah
2966;laahh;lah
2967;laahhh;lah
2968;nyusul;menyusul
2969;mmnciang;memancing
2970;hahaja;haha
2971;dbungus;di bungus
2972;tnyo;tanya
2973;brapo;berapa
2974;mkasih;terima kasih
2975;stokar;kernet
2976;wkwkkwkw;wkwk
2977;kabuuuurrrr;kabur
2978;angkut;angkutan kota
2979;basuruah;disuruh
2980;kasinan;kesana
2981;nantii;nanti
2982;darima;darimana
2983;kckean;bilang
2984;oanuah;penuh
2985;kayaknd;kayak di
2986;ndag;tidak
2987;sarami;se ramai
2988;baolok;berolok
2989;baper;bawa perasaan
2990;kalamak;seenaknya
2991;pakelokan;perbelokan
2992;sabalik;semua
2993;payokumbuah;payakumbuh
2994;antaan;diantarkan
2995;manyambung;menyambung
2996;cubolah;cobalah
2997;jasanyo;jasanya
2998;bapaso;dipaksa
2999;buliahlah;bolehlah
3000;selow;kecilkan
3001;ijan;jangan
3002;sakancang;kencang
3003;manumpang;menumpang
3004;gaduikkk;gadut
3005;nuceus5;nucleus 5
3006;kaampek;keempat
3007;slide;lembar
3008;jauaaarrr;juara
3009;follback;ikuti kembali
3010;owh;oh
3011;link;tautan
3012;urag;orang
3013;abizzz;banget
3014;capture;menangkap
3015;displii;dibocorkan
3016;maps;peta
3017;kuleah;kuliah
3018;terniatt;terniat
3019;wkwkkww;wkwk
3020;nawarin;menawarkan
3021;sabantuak;seperti
3022;related;berhubungan
3023;njir;anjir
3024;wehh;weh
3025;excited;bersemangat
3026;memes;meme
3027;nyobain;mencoba
3028;fyp;tren
3029;siapin;menyiapkan
3030;syaiton;setan
3031;wkwkwkwkwkwk;wkwk
3032;kaali;kali
3033;aatu;satu
3034;tanpaa;tanpa
3035;dirutt;direktur utama
3036;gaesss;teman
3037;ngaaakak;tertawa
3038;ente;kamu
3039;lalok;tidur
3040;ane;aku
3041;salahin;salahkan
3042;infoin;informasikan
3043;dibalikin;dikembalikan
3044;pribadu;pribadi
3045;blom;belum
3046;aktifnyo;aktifnya
3047;keretaapi;kereta api
3048;saraik2;syarat
3049;tggal;tanggal
3050;prpanjang;perpanjang
3051;aluih;halus
3052;mainnyo;mainnya
3053;takah;seperti
3054;tampe;tempat
3055;mambali;membeli
3056;diharokan;diharapkan
3057;ntahhh;entah
3058;indakkk;tidak
3059;kaga;tidak
3060;kew;kamu
3061;pass;saat
3062;manatap;mantap
3063;bgg;abang
3064;handsanitesirny;handsanitizernya
3065;baypass;bypass
3066;tinggiììi;tinggi
3067;transnya;trans padangnya
3069;mangayuah;mengayuh
3070;labiahan;lebihkan
3071;pol;polisi
3072;pengrusakan;merusak
3073;tangpak;tangkap
3074;bakecekan;dibilang
3075;manga2;berkerja
3076;pngaruh;pengaruh
3077;lsg;langsung
3078;scencare;perawatan kulit
3079;berees;selesai
3080;ikutin;ikut
3081;bapakny;bapaknya
3083;dikerubungin;dikerubungi
3084;keneknya;kernet
3085;mangkal;memangkal
3086;gercep;gerak cepat
3087;kadis;kepala dinas perhubungan
3088;card;kartu
3089;cashless;non tunai
3090;nyasar;menyasar
3091;sph;rumah sakit semen padang
3092;keabayang;terbayang
3093;ajar;ajari
3094;tratik;tertib
3095;best;terbaik
3096;trhambat;terhambat
3097;mbil;mobil
3098;hri;hari
3099;bts;batas
3100;katib;khatib
3101;menaikan;menaikkan
3102;mood;suasana hati
3103;gaskeun;gas
3104;bermanfaaat;bermanfaat
3105;suksess;sukses
3106;koridor6;koridor 6
3107;koridpr;koridor
3108;sklii;sekali
3109;lwatnya;lewatnya
3110;brangkat;berangkat
3111;pertmaa;pertama
3112;bleh;boleh
3113;sekitsr;sekitar
3114;jdikan;jadikan
3115;viewnya;pemandangannya
3116;koridor2;koridor 2
3117;jauj;jauh
3118;skitar;sekitar
3119;kendaraaan;kendaraan
3120;dik;adik
3121;diskominfo;dinas komunikasi dan informasi
3122;ngga;tidak
3123;nerima;terima
3124;web;website
3125;ngerasain;merasakan
3126;yessssss;iya
3127;part;bagian
3128;anjayy;anjir
3129;lipet;lipat
3130;beritanyo;beritanya
3131;tlglah;tolonglah
3132;dahlah;sudahlah
3133;karna;karena
3134;speakernya;pengeras suara
3135;comment;komentar
3136;retailer;pengecer
3137;trimksih;terima kasih
3138;nitizen;netizen
3139;mai;mei
3140;minnnn;admin
3141;pendiidikan;pendidikan
3142;nalangin;menalangi
3143;sbgi;sebagai
3144;bpk;bapak
3145;weekend;akhir pekan
3146;ktentuanny;ketentuannya
3147;kec;kecamatan
3148;wgwgwgwg;wkwk
3149;otonyo;mobilnya
3150;kbunguih;ke bungus
3151;azeeek;asyik
3153;byar;bayarnya
3154;amiiin;amin
3155;flatform;platform
3156;jadwalny;jadwalnya
3157;iiaa;iya
3158;yank;sayang
3159;can;bisa
3160;padanga;padang
3161;bukkitingi;bukittinggi
3162;mantulity;mantap betul
3163;wkwkk;wkwk
3164;rang;orang
3165;indomart;indomaret
3166;alpamart;alfamart
3167;dekk;adik
3168;panggilun;pangilun
3169;weeehh;weh
3170;nihhh;nih
3171;meiyakan;mengiyakan
3172;statusna;statusnya
3173;ngadi;ada
3174;dar;dari
3175;carany;caranya
3176;liat;lihat
3177;xperience;pengalaman
3178;diperbaharui;diperbarui
3179;cangkeh;cengkeh
3180;pnp;politeknik negeri padang
3181;apaiin;digesek
3182;semiga;semoga
3183;kabulin;kabulkan
3184;and;dan
3185;dku;dahulu
3186;unek2;uneg
3187;tracking;lacak
3188;ngisi;mengisi
3189;verai;gratis
3190;some;sampai
3191;ngadat;macet
3192;abis;habis
3193;permasalahin;permasalahkan
3194;uneng;uneg
3195;disinisin;sinis
3196;luarkota;luar kota
3197;satndar;standar
3198;remdah;rendah
3199;lahh;lah
3200;apan;apa
3201;improve;meningkat
3202;ksnaa;kesana
3203;bengek;lucu
3204;anakny;anaknya
3205;kandangin;masukkan ke kandang
3206;wisatanyo;wisatanya
3207;pengin;ingin
3208;surek;surat
3209;gua;aku
3210;wkwkk;wkwk
3211;weeehh;weh
3212;oala;oalah
3213;there;disana
3214;yuk;ayo
3215;mudh;mudah
3216;trmksh;terima kasih
3217;mayan;lumayan
3218;dis;dinas
3219;hub;perhubungan
3220;gub;gubernur
3221;raun;jalan jalan
3222;cpek;lelah
3223;emotenya;emoji nya
3224;mbaaa;mbak
3225;maksudnyo;maksudnya
3226;sanakkk;saudara
3227;kedtangan;kedatangan
3228;abanng;abang
3229;chasless;non tunai
3230;busnyo;busnya
3231;harapannyo;harapannya
3232;kmna;kemana
3233;mnt;menit
3234;harusny;harusnya
3235;kuyy;ayo
3236;makkkk;ibu
3237;kesiniiii;kesini
3238;lhooo;loh
3239;bngt;banget
3240;ngegesek;menggesek
3241;dunsanak;saudara
3242;otonyo;mobilnya
3243;kemenkes;kementrian kesehatan
3244;bngus;bungus
3245;syekaliii;sekali
3246;ahahha;haha
3247;yeeeee;yee
3248;sambooknum;sambo oknum
3249;masyaallaaahh;masyaallah
3250;poltekkes;politeknik kesehatan
3251;wkwkqkk;wkwk
3252;waaaaa;wah
3253;lahhhh;lah
3254;asik;asyik
3255;agamo;agama
3256;brangkat;berangkat
3257;univ;universitas
3258;asa;asal
3259;fasilitasnyaaa;fasilitasnya
3260;biskita;bus kita
3261;iiaa;iya
3262;flatform;platform
3263;jadwalny;jadwalnya
3264;doank;doang
3265;nurunin;menurunkan
3266;nampung;tampung
3267;sii;sih
3268;bagussslahhh;baguslah
3269;free;gratis
3270;day;hari
3271;car;mobil
3272;direkturnyo;direkturnya
3273;strowberryyy;stroberi
3274;mamiliah;memilih
3275;nangis;menangis
3276;menungguny;menunggunya
3277;miin;admin
3278;mancontoh;mencontoh
3279;mengartiskan;menggratiskan
3280;menggadu;mengadu
3281;mngambil;mengambil
3282;mnt;menit
3283;mutar;putar
3284;muter;putar
3285;mudhan;mudahan
3286;mslhnyo;masalahnya
3287;manager;manajer
3288;mampet;mampat
3289;nagih;tagih
3290;maatur;mengatur
3291;maksdnya;maksudnya
3292;maks;maksimal
3293;mantapp;mantap
3294;magrib;maghrib
3295;masashaaallah;masyaallah
3296;maap;maaf
3297;adaaaa;ada
3298;mantaaap;mantap
3299;masrayakat;masyarakat
3300;masalahnyo;masalahnya
3301;masyatakat;masyarakat
3302;manyambuang;menyambung
3303;manjadi;menjadi
3304;pai2;pergi pergi
3305;pakir;parkir
3306;panumpang;penumpang
3307;pakek;pakai
3308;pangalan;pangkalan
3309;pancaharian;pencarian
3310;pamntai;pantai
3311;palang;plang
3312;many;money
3313;pa;papa
3314;org2;orang
3315;jlnny;jalannya
3316;dipekan;di pekanbaru
3317;pasarnyo;pasarnya
3318;mepet;pepet
3319;pemikirannyo;pemikirannyo
3320;paramugara;pramugara
3321;operasinal;operasional
3322;laporin;laporkan
3323;payment;pembayaran
3324;partner;rekan
3325;nanyain;bertanya
3326;nggg;tidak
3327;ngerti;mengerti
3328;ngerasa;merasa
3329;ngejoki;menjoki
3330;ngasih;memberi
3331;ngaruh;mempengaruhi
3332;nengok;menengok
3333;nyediakan;menyediakan
3334;ngalamin;mengalami
3335;nyampein;menyampaikan
3336;ngumpul;mengumpulkan
3337;nampakny;nampaknya
3338;okay;oke
3339;kyknya;kayaknya
3340;leave;meninggalkan
3341;loundry;laundry
3342;jauah;jauh
3343;kesiniii;kesini
3344;keknyo;kayaknya
3345;kerennn;keren
3346;nunggunya;menunggunya
3347;nyetir;menyetir
3348;kajadian;kejadian
3349;kbunguih;ke bungus
3350;kenceng;kencang
3351;kabalimbing;ke belimbing
3352;langsnung;langsung
3353;kmren;kemarin
3354;kondidor;koridor
3355;knpa;kenapa
3356;komen2;komen
3357;kmna2;kemana
3358;kmana;kemana
3359;klaksonin;klakson
3360;kirony;kiranya
3361;kncang;kencang
3362;kost;indekos
3363;terniayalah;teraniayalah
3364;takan;tidak akan
3365;tibo;tiba
3366;terkahir;terakhir
3367;terlebi;terlebih
3368;terapin;terapkan
3369;tahfis;tahfiz
3370;terakhirnyo;terakhirnya
3371;ternasuk;termasuk
3372;tenggi;tinggi
3373;tabayang;terbayang
3374;tabang;terbang
3375;standard;standar
3376;statusna;statusnya
3377;sport;olahraga
3378;sodara;suadara
3379;smoe;sampai
3380;sluruh;seluruh
3381;smakin;semakin
3382;speaker;pengeras suara
3383;stokarnya;kernetnya
3384;yranspostasp;transportasi
3385;ttg;tentang
3386;tujuanyo;tujuannya
3387;lansuang;langsung
3388;trasportasi;transportasi
3389;trasnportasi;transportasi
3390;transformasi;transformasi
3391;tulisannyo;tulisannya
3392;unek;uneg
3393;uneng;uneg
3394;udaahh;sudah
3395;umumya;umumnya
3396;udahlah;sudahlah
3397;qriskan;qris
3398;publiknyo;publiknya
3399;prosfinsi;provinsi
3400;rekomend;rekomendasi
3401;reader;pembaca
3402;response;respon
3403;pkrangan;pekarangan
3404;permasalahain;permasalahkan
3405;permasalahannya;permasalahnnya
3406;propinsi;provinsi
3407;poltekes;politeknik kesehatan
3408;seharusnyo;seharusnya
3409;shoopepay;shopeepay
3410;sebahagian;sebagian
3411;sabanyak;sebanyak
3412;sado;semua
3413;saatnyo;saatnya
3414;saharian;seharian
3415;sajuak;sejuk
3416;rncak;bagus
3417;saranin;menyarankan
3418;sdoalahan;semuanya
3419;sapanjang;sepanjang
3420;bnr;benar
3421;bnr2;benar benar
3422;bnsek;miskin
3423;betoniasasi;betonisasi
3424;biasany;biasanya
3425;besti;sahabat
3426;bropersinya;beroperasinya
3427;brngkat;berangkat
3428;emabg;memang
3429;budget;bujet
3430;bersihh;bersih
3431;qiris;qris
3432;berikutnyo;berikutnya
3433;bediri;berdiri
3434;berncana;berencana
3435;beroperasinnyo;beroperasinya
3436;bbm;bahan bakar minyak
3437;didlm;di dalam
3438;flazzz;flazz
3439;bekecek;omong
3440;dannnaik;dan naik
3441;barbadan;berbadan
3442;datangg;datang
3443;direbutin;memperebutkan
3444;diparuik;di perut
3445;dmasukkan;dimasukkan
3446;digratisin;digratiskan
3447;dimaafin;dimaafkan
3448;design;desain
3449;gabantu;tidak bantu
3450;difikirkan;dipikirkan
3451;dilewatin;dilewatkan
3452;dimanfaatin;dimanfaatkan
3453;denger;dengar
3454;depannyo;depannya
3455;dikit;sedikit
3456;ekonominyo;ekonominya
3457;control;kontrol
3458;chaslees;non tunai
3459;dualahnyo;semuanya
3460;dtarik;ditarik
3461;dsbny;dan sebagainya
3462;handsanitesirny;handsanitizernya
3463;announcement;pemberitahuan
3464;angkotpun;akutan umum pun
3465;hubungin;hubungi
3466;bamasuak;masuk
3467;atensiny;perhatiannya
3468;balakang;belakang
3469;bangku;kursi
3470;bainciak2;berdesakan
3471;bayarny;bayarnya
3472;sebenerny;sebenarnya
3473;ngampus;ke kampus
3474;nyambung;sambung
3475;pramuniaga;pramugara
3476;armadanyo;armadanya
3477;bukannyo;bukannya
3478;imambonjol;imam bonjol
3479;masyrakat;masyarakat
3480;dongg;dong
3481;dibungus;di bungus
3482;semooga;semoga
3483;numpang;tumpang
3484;kordinator;koordinator
3485;hubungannyo;hubungannya
3486;cpek;cepat
3487;cubadak;nangka
3488;atua;atur
